userName,password
hbybid,14jS3zs
ycydmb,ayAu9sg
hwpopv,xx3J1vc
jtbvfy,q7rUqmn
sfbujq,eYtvmy6
juwxcv,7wduC5e
cotsmb,zZ8ptny
dqqueq,F2vsqop
qdxxfy,xj1Hgb6
fvyxrv,gCsth7m
qrvraz,rujZ8f8
blsemv,codpg0W
dmqgnn,ccV2hby
rzrcvy,1wMcbr8
hrusyz,bp1ke1X
lpiybc,zns9Nws
vetway,o4jRu4d
uqprpl,8ruFc2l
jqcrix,xT5atjd
uibcxe,idpX5xu
aobrun,cnwo8pR
byzkge,4xcuHwe
iqwyrk,hzv0kqV
mmbxdq,skc6Y3t
apftjv,kZe7xxv
yvxhun,6Ytwxoz
bnphal,nBk7qho
lykrtt,ia0aCgs
yjhamm,ung3Vbm
ktzudf,pl5Kqwi
whjpwm,rdn22Mb
mizxht,mpdO1pd
bdamdu,uz0b0uU
qefrse,hoEh0rz
jkopau,6Sbkavu
wzopfq,3jkswFx
jybdis,bGua2me
voyqho,ffF2gie
lyeepv,1Znxoqn
awmqms,fdh081X
qglauq,mu2Urlr
bjynhs,r4r9Ekp
vwzzph,pan9jwQ
lthuoz,7wsycVq
mefozw,tvehK6a
sktchz,xjPps3c
qcymij,uva33Ui
anlkzr,w7sh7iK
szvccl,Zzoto89
fmrkkw,hH4t3on
hrnvvb,1xJgi6n
zkjsym,7epJxdy
puksob,crx91Qn
cxouog,cu2njQ2
ihgrha,fm5Gaxa
knibze,tsqiiG4
ieyyjf,0Dusxb7
wojiec,lynuOg5
cefkbm,sppvQ0g
bnnjuz,jFudlp6
eqsqfd,rlh0nHu
dmoxfd,nnMvc83
glaaaz,eiv2A9x
fyqcuj,xxfXt86
ujafxy,8snzmHq
golvax,t6koHd2
hfcjer,Je80va0
slqsug,gmz2Nge
iuuazv,3lzwQb4
zxbsqc,3i5ivuI
emhrzy,3D8tui3
sscxne,2lbXjym
bykqoo,kuLm7mk
qydtbh,Brcn5al
qomtls,Eji6psb
bimbst,cmZ3phg
hjevyh,9s1kWve
nqryzb,7eVq3ko
ytzkrn,mI70kzn
emhtxj,3t1Stga
kgpasv,d0yTp9x
qcuezo,80nkMwb
uitpfm,kzn4Up9
sswqqe,p7Ryagp
hutzxm,zC4f0ta
zpcorm,fU8hp8z
xlddqt,o0cTt6l
zcjbme,xat9daG
zggrud,9Nqi7rl
wqumwm,4it8ouP
xlejah,t4yp8lZ
emeqpr,gAjbkk6
mfvcrj,bm6bdnC
ewrmuj,Ywmzg7h
heuuuz,heTk0rx
xkjshx,9Zv24wk
ciwaob,2Hrlngp
vkyznz,Jowf1s9
eqlooz,7dAvk0x
tsvich,ct2Ogux
yqbyqh,osbj7Un
ootrud,Cls1n65
mdkbjd,b0pnX5m
vvckmr,ecpA6dg
tbabvb,qe5pmMa
hiwjxa,84p8foQ
znidcw,kpj12E3
sxhwjo,gaiqdM5
fylzjo,7lpyKes
uhtakv,uwtg83B
blanrt,Rd3dfvb
czbfqu,Koy1z65
rgbndd,mk2xC8n
pkzdiq,dwsRoo6
pimljx,sxw8eCb
eoltdn,9B6e6oo
caqwsl,6Fshz7n
zhixcd,8Van1ju
uhiuls,hv5uuTf
jcnddh,6Xcz40l
wmfzos,59Jjzur
dhriwh,qhopeJ1
pzcogt,9nycpIn
wsijvw,p7Xzogb
hlfhlf,cp0gN62
pyihkd,8v9js2W
jgwnem,gg2avgO
lacsxw,9hjnw8J
fgospk,fTdbn2k
dtpytu,ksr9G0d
lmshfb,6wmPl9h
lahrrf,r1Bdbi9
pxtfpi,61G2lsn
dlnvxn,fx24etQ
vqqdmj,8izoUgw
plzqoj,5ppeoA8
vdwwgr,j2Rirdy
kxmerp,vJ0gg7m
hqteed,ncy9Osg
utfpcr,p1nXzge
ivbxkl,8bkOs1x
dlngqy,V9kd6dl
agllld,T5gvmvl
mlfcqn,k1pztsY
aabnnd,Qic5pap
owkxrh,q8fpShn
blxnmo,Pxuxid6
wdwcfm,gpwk1mN
yifvzo,7uleP6j
rzsjsx,o7ebZv4
tueogb,fb4Scac
lvkwtl,blyIbg0
rnzuyv,toR7y8t
ydchkc,Gaw2yyk
dhmuqo,ioqP0d9
ynakaw,gg4C5au
npfpel,Q5vl5e8
sagpua,gwqke9E
gdnpsx,3mRczam
lckfvv,bafyc2U
fvskva,9Uklqz5
pjngrx,vbsL6w4
qcsasl,gh7fuyK
ugstvv,fwkAg4v
hrtawr,3Dpu0jn
tduydb,7L6sygx
gqybcm,diwK57k
fbprtd,84dzo5L
rsrjxg,glXk4fx
zumcce,b41npQt
gckosh,9jeyDtu
pexxow,njZjq6q
yucjax,Pg8uohx
lsbstc,uFfmfw8
bneuyu,Goey9gn
dqoklg,i7hfZqd
stgacl,j9uxgpX
ngpjzy,1Wmndo1
qcjgax,Idsx4yy
xredrb,6kz5Nde
iqyrem,7iBnyhg
oxalmc,U1o6a5e
uqfjjf,t4s8kcJ
vppgov,ig3lfvJ
tcnuzw,98qkrhG
pohcrn,g2jymOu
ddaqam,vpxyjY4
mxwksa,Irmujs0
dzoaab,T1oaglj
vxecrd,bF33wnk
liedmg,qfS6wlt
ashpgw,r2fCcfe
wruitu,aNu492z
lxzkry,1iwgxgE
bffsjh,W3aatpj
vdagfc,sxdw2W0
ihpzjx,jJx70sx
lodrgm,n3x5jaT
ecgzlt,Tz5ma2r
lleijw,k20pHbc
scpzkz,njPn12k
hoiazx,ugiE6yf
lbtbkn,In9lx2o
jwjnow,hz4Dnlb
ilsoyy,k1uDrhs
yhnmxz,Dpz8m9n
mlnglz,bGz04ib
czvcwb,cP6xtta
iikvzr,m6Jng1w
jpbldg,ik3j8iH
etuvhd,Byuv07v
eqaeny,2Hslz3v
dnsvux,v0Ueksy
rdzijz,kip4rTj
xbczek,n5dmtO3
mhjixb,fx0F5za
lvawhy,dpkaqV6
mklnnr,iBtr71k
gletao,06Dvevo
odwxhp,vhnb8oG
qahfit,s6Fzsvj
xirfir,jcwIq0w
hpqwfy,3dvW5p4
mgcnlr,26Vfpww
wpaxew,qhl7N91
cjjcxo,wNn6rni
occeju,8cWyhvi
ukbwpn,7wcmEbl
ueffte,Akss76c
ciqhkp,hqgDnp4
umzfne,kIu251v
gktizg,wCd4c6j
jrxnro,k1qnFgj
betaoy,8hc7Qu3
wqxqcs,1Mio6kq
lcyrqn,k0nuwVj
afaawd,j6u7Xoh
xfcqsm,H7gv8ac
nthrkl,0jlQwcw
eqgsti,ornIa6p
nhwrli,cfWiqm2
sifynt,lou3mK1
beyjzk,Sdjfq6t
rjasse,cy08Bj8
xzepev,bq6jpoJ
iuikie,xrm87kH
swffkk,sv6iPtp
innpko,4jzsZy7
ddrlqi,cU4qxas
qbfncm,Gpr8oog
attmjo,cpgBq9r
gamrfs,yz1sD7p
fzmsdw,5Jwarzg
iuwhck,9Mzomks
ozseaf,T72iqgk
dsctfy,4zhNxh4
zvbqqo,N8tvwwb
ckkyth,1gy9p9S
ebsdxo,Xvcez5w
qwtchq,Z5aweo9
ilrnth,4sZ0mcm
mgankx,f5gH5nd
gdddbp,g8q03oA
jublvt,Rijhu3i
xpqrmj,Bnkli4i
xedwbz,jwMs14p
tsiugv,Pgvo7ht
vtafqb,tyW6smf
soeghz,x4udWno
xbfduy,eKyf5a3
qwlksa,0dtkz7M
qsugtj,qv6fNhc
idvfia,dm3lxP9
dirrrb,60devjP
snuqvw,xj39Nsv
ctuhmh,mdx0oyU
ggoydl,q4xeRz7
ppgwoe,1kvxH5h
hxjthk,Kh1qbos
dgqobw,n8vv7vA
zyiqbv,umdi50R
edoepo,suoHh5a
aubate,903eExs
wyvouh,qrlw2Jv
soafjw,26yzmYq
nutihw,wq4xqiB
ftipfe,53dmr0L
rbygvr,0cts8lG
ekrxfs,sxiD55n
jqonqa,5tghtAt
amfjop,rakf1L2
bekqzr,jhaukI3
dqnomd,cbdmKo1
xdnadt,2t7n0Qt
ywypbb,kbj8aZj
vaqlae,y9aoqJ4
ploudc,3xgHrpj
yofjks,vJ4ltin
wjhprf,vz3xT3c
fxlhds,fX24xon
lbxfhn,44dYotd
peilnk,ziu1gjR
jvfufc,l7xEksr
lnnknw,wovi7Fv
zdtkxq,orn2mXo
wxulqy,j3zQxr0
jnketu,ympGx9z
jbtgtl,G48xrt5
rcnnqx,gz8vdWg
jvmefp,bmN42bj
spwrwj,oq2Vasz
fbyqlv,w9r8Upi
cmvknf,hngC0f4
dtxlrp,qdl77eP
iczuca,brEw6cl
qqxvhu,wt9o0We
vsrppo,2trlzgJ
roanrg,V4u3wue
pjllze,uW8st1b
lddvvr,B78etbp
uhklcw,rsXpjh3
hscpbs,k5pxlvF
clvyul,fsoOpn8
sksxsz,9Ox1xns
xsfkhr,v33Eugv
dqwron,Mnyp5ro
mqxxup,78fxxwT
xuggmw,Yccb3rh
ldhson,2znu8cN
rdprqe,mk5qbzG
meoixy,2hddiIw
pyncus,xc1zk1H
kjqrlm,xnm2vMs
azmnhh,vxy6vzR
ahzqee,8knckNr
yifbtv,bmoI9g4
qhxbas,Rrd4mmk
ofpsku,M07qzr5
qpudiv,7finm9M
sbgkdo,J3aex80
rmlzmr,anyjEx7
cexhos,sHco5v5
hhcnno,vV1uusr
rtzjhb,5fzN6l8
cvwzjg,i6Sy1zj
jomdgh,obgid5A
wjpmns,8wmiYew
ovetau,bjqO379
pvrswu,d3Ydsp2
qymqfz,zmq6cjN
